neighbourhood_cleansed,week_start,price_calendar
Azcapotzalco,2024-09-30,726.5660660559162
Azcapotzalco,2024-10-07,712.1091937727472
Azcapotzalco,2024-10-14,724.4367332120395
Azcapotzalco,2024-10-21,717.7652922593142
Azcapotzalco,2024-10-28,700.8796901217136
Azcapotzalco,2024-11-04,692.7646464632505
Azcapotzalco,2024-11-11,728.4239318909767
Azcapotzalco,2024-11-18,710.1203520742296
Azcapotzalco,2024-11-25,698.8396478494652
Azcapotzalco,2024-12-02,698.5976542791258
Azcapotzalco,2024-12-09,697.9243784390212
Azcapotzalco,2024-12-16,689.83930853259
Azcapotzalco,2024-12-23,689.8320643425434
Azcapotzalco,2024-12-30,703.2633573675095
Azcapotzalco,2025-01-06,716.2745963267535
Azcapotzalco,2025-01-13,705.8722195448265
Azcapotzalco,2025-01-20,702.2405638373331
Azcapotzalco,2025-01-27,703.5436130664293
Azcapotzalco,2025-02-03,702.18279111416
Azcapotzalco,2025-02-10,697.1179538656388
Azcapotzalco,2025-02-17,695.6763614377998
Azcapotzalco,2025-02-24,698.6428594704042
Azcapotzalco,2025-03-03,699.3222536601234
Azcapotzalco,2025-03-10,695.6339013908702
Azcapotzalco,2025-03-17,694.4938018759891
Azcapotzalco,2025-03-24,703.3535140620548
Azcapotzalco,2025-03-31,724.998008346334
Azcapotzalco,2025-04-07,725.9156844711941
Azcapotzalco,2025-04-14,703.5887232721115
Azcapotzalco,2025-04-21,705.8111447344851
Azcapotzalco,2025-04-28,722.1831132552707
Azcapotzalco,2025-05-05,709.1843277637129
Azcapotzalco,2025-05-12,707.8566605580842
Azcapotzalco,2025-05-19,705.0189939447886
Azcapotzalco,2025-05-26,705.0465722375927
Azcapotzalco,2025-06-02,706.3146869304082
Azcapotzalco,2025-06-09,704.7994878002124
Azcapotzalco,2025-06-16,704.9112270225578
Azcapotzalco,2025-06-23,709.460339172729
Azcapotzalco,2025-06-30,720.560269117934
Azcapotzalco,2025-07-07,720.9597754629804
Azcapotzalco,2025-07-14,721.8778668172172
Azcapotzalco,2025-07-21,721.7310676218411
Azcapotzalco,2025-07-28,720.7266217530976
Azcapotzalco,2025-08-04,718.4071955204056
Azcapotzalco,2025-08-11,721.6854445062334
Azcapotzalco,2025-08-18,720.1328776347038
Azcapotzalco,2025-08-25,717.95817249275
Azcapotzalco,2025-09-01,717.4050382259483
Azcapotzalco,2025-09-08,717.3830318400816
Azcapotzalco,2025-09-15,717.4473669837131
Azcapotzalco,2025-09-22,732.1316395753191
Azcapotzalco,2025-09-29,743.1834131266298
Azcapotzalco,2025-10-06,741.7538303824018
Azcapotzalco,2025-10-13,741.2159480588052
Azcapotzalco,2025-10-20,740.896312096312
Azcapotzalco,2025-10-27,758.4355731355732
Azcapotzalco,2025-11-03,741.5942720911208
Azcapotzalco,2025-11-10,742.5001276765983
Azcapotzalco,2025-11-17,743.8506892771599
Azcapotzalco,2025-11-24,743.5915131251267
Azcapotzalco,2025-12-01,742.6645420910127
Azcapotzalco,2025-12-08,742.5287342052048
Azcapotzalco,2025-12-15,742.5323027087733
Azcapotzalco,2025-12-22,783.539451470824
Azcapotzalco,2025-12-29,773.3946207017219
Azcapotzalco,2026-01-05,758.4208383250826
Azcapotzalco,2026-01-12,757.4993513343603
Azcapotzalco,2026-01-19,788.9455612468967
Azcapotzalco,2026-01-26,788.9455612468967
Azcapotzalco,2026-02-02,787.7210714509783
Azcapotzalco,2026-02-09,784.6598469611823
Azcapotzalco,2026-02-16,784.6598469611823
Azcapotzalco,2026-02-23,784.6598469611823
Azcapotzalco,2026-03-02,784.6598469611823
Azcapotzalco,2026-03-09,784.6598469611823
Azcapotzalco,2026-03-16,784.6598469611823
Azcapotzalco,2026-03-23,798.052984710034
Benito Juárez,2024-09-30,1303.2839616064555
Benito Juárez,2024-10-07,1181.2139301102802
Benito Juárez,2024-10-14,1141.8119173835782
Benito Juárez,2024-10-21,1119.1043603499413
Benito Juárez,2024-10-28,1124.5124477671077
Benito Juárez,2024-11-04,1103.4607214097673
Benito Juárez,2024-11-11,1081.6575279775095
Benito Juárez,2024-11-18,1065.7188550628161
Benito Juárez,2024-11-25,1074.9341022484361
Benito Juárez,2024-12-02,1076.3043052066375
Benito Juárez,2024-12-09,1082.6153163033239
Benito Juárez,2024-12-16,1073.4032840884024
Benito Juárez,2024-12-23,1055.5694024048885
Benito Juárez,2024-12-30,1092.8246920640863
Benito Juárez,2025-01-06,1105.2782056663473
Benito Juárez,2025-01-13,1123.1900366693505
Benito Juárez,2025-01-20,1124.5590086421337
Benito Juárez,2025-01-27,1103.2337296110113
Benito Juárez,2025-02-03,1108.5843636928792
Benito Juárez,2025-02-10,1100.1159509434526
Benito Juárez,2025-02-17,1096.6239463572663
Benito Juárez,2025-02-24,1068.6497757941568
Benito Juárez,2025-03-03,1088.211727441788
Benito Juárez,2025-03-10,1086.3052563587648
Benito Juárez,2025-03-17,1062.2066715084877
Benito Juárez,2025-03-24,1154.8908202084945
Benito Juárez,2025-03-31,1115.8056437790142
Benito Juárez,2025-04-07,1119.26344687082
Benito Juárez,2025-04-14,1113.8329069652866
Benito Juárez,2025-04-21,1114.4726408277456
Benito Juárez,2025-04-28,1118.7707488927863
Benito Juárez,2025-05-05,1103.5825413773193
Benito Juárez,2025-05-12,1103.3572426679789
Benito Juárez,2025-05-19,1099.8508509964681
Benito Juárez,2025-05-26,1099.211272930585
Benito Juárez,2025-06-02,1098.8670914279865
Benito Juárez,2025-06-09,1094.5579953128224
Benito Juárez,2025-06-16,1092.5331429353703
Benito Juárez,2025-06-23,1094.4221519265686
Benito Juárez,2025-06-30,1105.6576815089145
Benito Juárez,2025-07-07,1100.9062582463632
Benito Juárez,2025-07-14,1100.6066527058645
Benito Juárez,2025-07-21,1100.016228838322
Benito Juárez,2025-07-28,1102.1723883072343
Benito Juárez,2025-08-04,1056.1383833139496
Benito Juárez,2025-08-11,1094.797469604376
Benito Juárez,2025-08-18,1095.304426358972
Benito Juárez,2025-08-25,1094.2142794421313
Benito Juárez,2025-09-01,1093.1424122394924
Benito Juárez,2025-09-08,1093.4178319913237
Benito Juárez,2025-09-15,1054.179163440987
Benito Juárez,2025-09-22,1092.694957608225
Benito Juárez,2025-09-29,1118.2508545790913
Benito Juárez,2025-10-06,1126.1289178448585
Benito Juárez,2025-10-13,1125.5160335425542
Benito Juárez,2025-10-20,1127.8081980974926
Benito Juárez,2025-10-27,1122.9891462122646
Benito Juárez,2025-11-03,1124.076509495721
Benito Juárez,2025-11-10,1126.7835843037453
Benito Juárez,2025-11-17,1125.7374975545165
Benito Juárez,2025-11-24,1124.7666376515754
Benito Juárez,2025-12-01,1124.031505744962
Benito Juárez,2025-12-08,1116.553039985465
Benito Juárez,2025-12-15,1115.5712825418607
Benito Juárez,2025-12-22,1153.8392176128775
Benito Juárez,2025-12-29,1167.2605353394931
Benito Juárez,2026-01-05,1146.738888000146
Benito Juárez,2026-01-12,1134.802312972199
Benito Juárez,2026-01-19,1384.9220871576927
Benito Juárez,2026-01-26,1425.539355956455
Benito Juárez,2026-02-02,1424.9856594742687
Benito Juárez,2026-02-09,1423.482605250417
Benito Juárez,2026-02-16,1425.1428561059524
Benito Juárez,2026-02-23,1426.222818016108
Benito Juárez,2026-03-02,1425.4791971994748
Benito Juárez,2026-03-09,1423.1319206755031
Benito Juárez,2026-03-16,1422.118457631662
Benito Juárez,2026-03-23,1470.3246627158046
Coyoacán,2024-09-30,1090.2788413705046
Coyoacán,2024-10-07,1028.2329514852672
Coyoacán,2024-10-14,1010.6020969165444
Coyoacán,2024-10-21,1013.4838188690064
Coyoacán,2024-10-28,980.3811464121288
Coyoacán,2024-11-04,938.4957683934471
Coyoacán,2024-11-11,998.0053444617836
Coyoacán,2024-11-18,996.1116014753209
Coyoacán,2024-11-25,1020.2958174101981
Coyoacán,2024-12-02,1011.7471171466768
Coyoacán,2024-12-09,1018.0596249548781
Coyoacán,2024-12-16,1017.7776202835693
Coyoacán,2024-12-23,979.4446017574862
Coyoacán,2024-12-30,979.0050984246051
Coyoacán,2025-01-06,994.8080827724817
Coyoacán,2025-01-13,1015.3856247295197
Coyoacán,2025-01-20,997.026089191685
Coyoacán,2025-01-27,999.5839808289795
Coyoacán,2025-02-03,1003.1985214700651
Coyoacán,2025-02-10,995.8537943940371
Coyoacán,2025-02-17,994.1491382300277
Coyoacán,2025-02-24,979.9930818118715
Coyoacán,2025-03-03,990.1609022463072
Coyoacán,2025-03-10,981.7020711504721
Coyoacán,2025-03-17,981.7456882549524
Coyoacán,2025-03-24,987.3046761601419
Coyoacán,2025-03-31,989.6294983608029
Coyoacán,2025-04-07,1001.0068665972185
Coyoacán,2025-04-14,992.3446939306363
Coyoacán,2025-04-21,986.0404007257191
Coyoacán,2025-04-28,988.609280333647
Coyoacán,2025-05-05,1000.0404916151643
Coyoacán,2025-05-12,1000.4568930878122
Coyoacán,2025-05-19,998.4427951444023
Coyoacán,2025-05-26,999.9458236619545
Coyoacán,2025-06-02,995.9732786932127
Coyoacán,2025-06-09,992.1623861859277
Coyoacán,2025-06-16,986.1948616347075
Coyoacán,2025-06-23,997.1995337045511
Coyoacán,2025-06-30,999.7151851173328
Coyoacán,2025-07-07,991.9889838190468
Coyoacán,2025-07-14,995.3294829423095
Coyoacán,2025-07-21,985.1166527196466
Coyoacán,2025-07-28,987.8219055548243
Coyoacán,2025-08-04,987.4268221578815
Coyoacán,2025-08-11,991.3529853697322
Coyoacán,2025-08-18,1000.5201523978104
Coyoacán,2025-08-25,998.9627583656921
Coyoacán,2025-09-01,996.7485589527631
Coyoacán,2025-09-08,997.657611384369
Coyoacán,2025-09-15,985.4330061670689
Coyoacán,2025-09-22,998.0805501903666
Coyoacán,2025-09-29,1019.5807947280747
Coyoacán,2025-10-06,1015.2030819564054
Coyoacán,2025-10-13,1012.1826966498962
Coyoacán,2025-10-20,1011.0294084837889
Coyoacán,2025-10-27,1001.9959055162864
Coyoacán,2025-11-03,988.7533967253773
Coyoacán,2025-11-10,991.7374574040248
Coyoacán,2025-11-17,996.8692135473229
Coyoacán,2025-11-24,998.1936290951602
Coyoacán,2025-12-01,992.0788660445029
Coyoacán,2025-12-08,959.3604506589821
Coyoacán,2025-12-15,965.0805558010424
Coyoacán,2025-12-22,1018.6366124533173
Coyoacán,2025-12-29,1033.9329476050636
Coyoacán,2026-01-05,1019.3899912384442
Coyoacán,2026-01-12,973.9818973615584
Coyoacán,2026-01-19,982.9557793418877
Coyoacán,2026-01-26,977.2405917685394
Coyoacán,2026-02-02,976.526277852607
Coyoacán,2026-02-09,978.6747434186636
Coyoacán,2026-02-16,977.6115509641792
Coyoacán,2026-02-23,959.5308920814576
Coyoacán,2026-03-02,977.3514536784629
Coyoacán,2026-03-09,994.7280001934913
Coyoacán,2026-03-16,995.4507260025732
Coyoacán,2026-03-23,1163.6887155967438
Cuajimalpa de Morelos,2024-09-30,2045.8198083098816
Cuajimalpa de Morelos,2024-10-07,1658.2303036872424
Cuajimalpa de Morelos,2024-10-14,1653.052600618669
Cuajimalpa de Morelos,2024-10-21,1581.711332746885
Cuajimalpa de Morelos,2024-10-28,1544.5768066729647
Cuajimalpa de Morelos,2024-11-04,1503.062887247175
Cuajimalpa de Morelos,2024-11-11,1503.595957305754
Cuajimalpa de Morelos,2024-11-18,1464.6065645875574
Cuajimalpa de Morelos,2024-11-25,1508.4363084245513
Cuajimalpa de Morelos,2024-12-02,1458.2405865201017
Cuajimalpa de Morelos,2024-12-09,1449.1149371507533
Cuajimalpa de Morelos,2024-12-16,1433.8314718033794
Cuajimalpa de Morelos,2024-12-23,1430.4490519984215
Cuajimalpa de Morelos,2024-12-30,1567.9330979766607
Cuajimalpa de Morelos,2025-01-06,1656.1498975327756
Cuajimalpa de Morelos,2025-01-13,1699.9900904319172
Cuajimalpa de Morelos,2025-01-20,1717.8904722821062
Cuajimalpa de Morelos,2025-01-27,1745.7321945225324
Cuajimalpa de Morelos,2025-02-03,1676.4857936118965
Cuajimalpa de Morelos,2025-02-10,1667.9733514671123
Cuajimalpa de Morelos,2025-02-17,1664.1221774520327
Cuajimalpa de Morelos,2025-02-24,1655.7925432077839
Cuajimalpa de Morelos,2025-03-03,1655.2995336245428
Cuajimalpa de Morelos,2025-03-10,1652.2192139307715
Cuajimalpa de Morelos,2025-03-17,1652.8919272725484
Cuajimalpa de Morelos,2025-03-24,1745.6682876997559
Cuajimalpa de Morelos,2025-03-31,1737.4192149308983
Cuajimalpa de Morelos,2025-04-07,1682.4577465964855
Cuajimalpa de Morelos,2025-04-14,1660.3966345783504
Cuajimalpa de Morelos,2025-04-21,1658.4040255492657
Cuajimalpa de Morelos,2025-04-28,1640.395936396351
Cuajimalpa de Morelos,2025-05-05,1623.802839904559
Cuajimalpa de Morelos,2025-05-12,1624.3769854111565
Cuajimalpa de Morelos,2025-05-19,1628.1451084599685
Cuajimalpa de Morelos,2025-05-26,1622.0667056975615
Cuajimalpa de Morelos,2025-06-02,1616.021767835997
Cuajimalpa de Morelos,2025-06-09,1598.4650717019547
Cuajimalpa de Morelos,2025-06-16,1594.064227692729
Cuajimalpa de Morelos,2025-06-23,1590.9678598089756
Cuajimalpa de Morelos,2025-06-30,1541.6260686253722
Cuajimalpa de Morelos,2025-07-07,1528.8982867303125
Cuajimalpa de Morelos,2025-07-14,1527.4934034525184
Cuajimalpa de Morelos,2025-07-21,1528.0710097721517
Cuajimalpa de Morelos,2025-07-28,1528.8347275969627
Cuajimalpa de Morelos,2025-08-04,1531.1047832663266
Cuajimalpa de Morelos,2025-08-11,1525.5731844603267
Cuajimalpa de Morelos,2025-08-18,1524.2117231388245
Cuajimalpa de Morelos,2025-08-25,1525.2175656871805
Cuajimalpa de Morelos,2025-09-01,1530.566336393548
Cuajimalpa de Morelos,2025-09-08,1529.9080141728812
Cuajimalpa de Morelos,2025-09-15,1530.151672582141
Cuajimalpa de Morelos,2025-09-22,1525.4985907804441
Cuajimalpa de Morelos,2025-09-29,1571.957813541445
Cuajimalpa de Morelos,2025-10-06,1609.0850279965528
Cuajimalpa de Morelos,2025-10-13,1608.8755031263136
Cuajimalpa de Morelos,2025-10-20,1612.2255818763922
Cuajimalpa de Morelos,2025-10-27,1591.806863707736
Cuajimalpa de Morelos,2025-11-03,1586.828078094426
Cuajimalpa de Morelos,2025-11-10,1611.7331134280414
Cuajimalpa de Morelos,2025-11-17,1616.9038164058873
Cuajimalpa de Morelos,2025-11-24,1615.2490953740235
Cuajimalpa de Morelos,2025-12-01,1616.595396977825
Cuajimalpa de Morelos,2025-12-08,1616.1123532197812
Cuajimalpa de Morelos,2025-12-15,1594.1688657991908
Cuajimalpa de Morelos,2025-12-22,1463.9001618100972
Cuajimalpa de Morelos,2025-12-29,1476.8388721568722
Cuajimalpa de Morelos,2026-01-05,1549.1025683177209
Cuajimalpa de Morelos,2026-01-12,1546.0018816234626
Cuajimalpa de Morelos,2026-01-19,1546.0018816234626
Cuajimalpa de Morelos,2026-01-26,1558.018208154075
Cuajimalpa de Morelos,2026-02-02,1563.602080404274
Cuajimalpa de Morelos,2026-02-09,1572.554958308682
Cuajimalpa de Morelos,2026-02-16,1572.554958308682
Cuajimalpa de Morelos,2026-02-23,1572.554958308682
Cuajimalpa de Morelos,2026-03-02,1554.954010050591
Cuajimalpa de Morelos,2026-03-09,1534.5519960328627
Cuajimalpa de Morelos,2026-03-16,1534.261235364959
Cuajimalpa de Morelos,2026-03-23,1436.405370504512
Cuauhtémoc,2024-09-30,1331.2565993894436
Cuauhtémoc,2024-10-07,1316.285690042383
Cuauhtémoc,2024-10-14,1253.5765565917409
Cuauhtémoc,2024-10-21,1227.8406553321413
Cuauhtémoc,2024-10-28,1324.1115799112717
Cuauhtémoc,2024-11-04,1282.1069444470886
Cuauhtémoc,2024-11-11,1253.6991298125606
Cuauhtémoc,2024-11-18,1295.5477586420002
Cuauhtémoc,2024-11-25,1279.925022492652
Cuauhtémoc,2024-12-02,1258.4892755736817
Cuauhtémoc,2024-12-09,1311.5429962479598
Cuauhtémoc,2024-12-16,1305.5309248529543
Cuauhtémoc,2024-12-23,1285.2641359749268
Cuauhtémoc,2024-12-30,1252.1077015175854
Cuauhtémoc,2025-01-06,1367.2274870210938
Cuauhtémoc,2025-01-13,1366.662325779246
Cuauhtémoc,2025-01-20,1317.9186596743298
Cuauhtémoc,2025-01-27,1365.0417305807762
Cuauhtémoc,2025-02-03,1383.3256497162242
Cuauhtémoc,2025-02-10,1351.2006170857599
Cuauhtémoc,2025-02-17,1311.8993899356258
Cuauhtémoc,2025-02-24,1360.5915636578463
Cuauhtémoc,2025-03-03,1359.1029004941156
Cuauhtémoc,2025-03-10,1329.6425351740113
Cuauhtémoc,2025-03-17,1352.1803417889046
Cuauhtémoc,2025-03-24,1359.6314582686355
Cuauhtémoc,2025-03-31,1384.0589781380513
Cuauhtémoc,2025-04-07,1385.3524812651215
Cuauhtémoc,2025-04-14,1432.5454123869076
Cuauhtémoc,2025-04-21,1394.454796455981
Cuauhtémoc,2025-04-28,1406.3994955948506
Cuauhtémoc,2025-05-05,1384.4037546679453
Cuauhtémoc,2025-05-12,1426.7928189493584
Cuauhtémoc,2025-05-19,1404.2664108246513
Cuauhtémoc,2025-05-26,1396.2930379670504
Cuauhtémoc,2025-06-02,1426.9990314751506
Cuauhtémoc,2025-06-09,1442.9229807256888
Cuauhtémoc,2025-06-16,1429.6827423434136
Cuauhtémoc,2025-06-23,1424.2085372442439
Cuauhtémoc,2025-06-30,1493.5929936384648
Cuauhtémoc,2025-07-07,1483.7349018027908
Cuauhtémoc,2025-07-14,1488.401702319245
Cuauhtémoc,2025-07-21,1492.4156465663284
Cuauhtémoc,2025-07-28,1491.2699601818288
Cuauhtémoc,2025-08-04,1491.7839909653728
Cuauhtémoc,2025-08-11,1480.236668308913
Cuauhtémoc,2025-08-18,1474.9493737906741
Cuauhtémoc,2025-08-25,1482.3755519150843
Cuauhtémoc,2025-09-01,1475.4232878712628
Cuauhtémoc,2025-09-08,1479.7229257584836
Cuauhtémoc,2025-09-15,1483.629285916144
Cuauhtémoc,2025-09-22,1503.7444057604898
Cuauhtémoc,2025-09-29,1526.6632010692235
Cuauhtémoc,2025-10-06,1525.7294143296515
Cuauhtémoc,2025-10-13,1523.351896326423
Cuauhtémoc,2025-10-20,1514.631443107954
Cuauhtémoc,2025-10-27,1516.3815668057819
Cuauhtémoc,2025-11-03,1513.7588613616663
Cuauhtémoc,2025-11-10,1528.9458853864396
Cuauhtémoc,2025-11-17,1542.1473007007473
Cuauhtémoc,2025-11-24,1544.7770179169459
Cuauhtémoc,2025-12-01,1539.8083519596971
Cuauhtémoc,2025-12-08,1524.353195767995
Cuauhtémoc,2025-12-15,1532.9917279089664
Cuauhtémoc,2025-12-22,1587.9796153343457
Cuauhtémoc,2025-12-29,1593.960611486169
Cuauhtémoc,2026-01-05,1540.141636008078
Cuauhtémoc,2026-01-12,1514.5151945059213
Cuauhtémoc,2026-01-19,1505.333603590547
Cuauhtémoc,2026-01-26,1512.7306360466334
Cuauhtémoc,2026-02-02,1516.3942588700631
Cuauhtémoc,2026-02-09,1530.9919699527438
Cuauhtémoc,2026-02-16,1529.5097660744625
Cuauhtémoc,2026-02-23,1561.9209237467655
Cuauhtémoc,2026-03-02,1563.5831338338946
Cuauhtémoc,2026-03-09,1592.4880666769475
Cuauhtémoc,2026-03-16,1619.0495591481629
Cuauhtémoc,2026-03-23,1344.0256800136076
Gustavo A. Madero,2024-09-30,1128.1229144941715
Gustavo A. Madero,2024-10-07,942.0223754229025
Gustavo A. Madero,2024-10-14,920.5120180785026
Gustavo A. Madero,2024-10-21,828.3815535500822
Gustavo A. Madero,2024-10-28,783.7589695706278
Gustavo A. Madero,2024-11-04,785.0989732030674
Gustavo A. Madero,2024-11-11,806.3752408107113
Gustavo A. Madero,2024-11-18,801.9707687784419
Gustavo A. Madero,2024-11-25,803.0575677479354
Gustavo A. Madero,2024-12-02,802.4793038020096
Gustavo A. Madero,2024-12-09,797.8153866947001
Gustavo A. Madero,2024-12-16,797.6862715262116
Gustavo A. Madero,2024-12-23,786.557585380244
Gustavo A. Madero,2024-12-30,863.0796399401034
Gustavo A. Madero,2025-01-06,851.9114255549135
Gustavo A. Madero,2025-01-13,811.6514129457238
Gustavo A. Madero,2025-01-20,798.3758039116336
Gustavo A. Madero,2025-01-27,811.2478948534027
Gustavo A. Madero,2025-02-03,813.9488287856469
Gustavo A. Madero,2025-02-10,808.8844510643269
Gustavo A. Madero,2025-02-17,803.6691709387942
Gustavo A. Madero,2025-02-24,775.2740607524282
Gustavo A. Madero,2025-03-03,800.3849094317624
Gustavo A. Madero,2025-03-10,799.4900320494014
Gustavo A. Madero,2025-03-17,799.9603250458605
Gustavo A. Madero,2025-03-24,804.3912594452721
Gustavo A. Madero,2025-03-31,804.5052861239818
Gustavo A. Madero,2025-04-07,794.9838235464587
Gustavo A. Madero,2025-04-14,791.3855463400332
Gustavo A. Madero,2025-04-21,794.5296370639987
Gustavo A. Madero,2025-04-28,803.9666833859199
Gustavo A. Madero,2025-05-05,788.6128089490354
Gustavo A. Madero,2025-05-12,791.6566511543334
Gustavo A. Madero,2025-05-19,787.0440308851747
Gustavo A. Madero,2025-05-26,787.9145498874117
Gustavo A. Madero,2025-06-02,788.4843123861466
Gustavo A. Madero,2025-06-09,791.6358372408039
Gustavo A. Madero,2025-06-16,788.900182068394
Gustavo A. Madero,2025-06-23,792.7390219162382
Gustavo A. Madero,2025-06-30,797.0402772667394
Gustavo A. Madero,2025-07-07,784.7652815812837
Gustavo A. Madero,2025-07-14,782.768077157068
Gustavo A. Madero,2025-07-21,789.3324862882262
Gustavo A. Madero,2025-07-28,793.5071271128261
Gustavo A. Madero,2025-08-04,792.3716512995769
Gustavo A. Madero,2025-08-11,792.0331961886643
Gustavo A. Madero,2025-08-18,788.1464747674083
Gustavo A. Madero,2025-08-25,788.7890548784279
Gustavo A. Madero,2025-09-01,787.7498806196816
Gustavo A. Madero,2025-09-08,787.0070189357845
Gustavo A. Madero,2025-09-15,783.8174955762976
Gustavo A. Madero,2025-09-22,770.1914655231114
Gustavo A. Madero,2025-09-29,746.0267892873943
Gustavo A. Madero,2025-10-06,762.59439979463
Gustavo A. Madero,2025-10-13,765.8034662882635
Gustavo A. Madero,2025-10-20,766.0957144525338
Gustavo A. Madero,2025-10-27,760.4540441926923
Gustavo A. Madero,2025-11-03,756.9478478905094
Gustavo A. Madero,2025-11-10,767.0932513751675
Gustavo A. Madero,2025-11-17,764.720009575015
Gustavo A. Madero,2025-11-24,764.6869686393426
Gustavo A. Madero,2025-12-01,764.6048257821996
Gustavo A. Madero,2025-12-08,764.0134815429147
Gustavo A. Madero,2025-12-15,766.679822352763
Gustavo A. Madero,2025-12-22,786.7172165467831
Gustavo A. Madero,2025-12-29,776.2964266574008
Gustavo A. Madero,2026-01-05,771.992401458191
Gustavo A. Madero,2026-01-12,776.3214532543481
Gustavo A. Madero,2026-01-19,775.3821257689679
Gustavo A. Madero,2026-01-26,775.3821257689679
Gustavo A. Madero,2026-02-02,775.3821257689679
Gustavo A. Madero,2026-02-09,775.3821257689679
Gustavo A. Madero,2026-02-16,776.7226198613416
Gustavo A. Madero,2026-02-23,777.506015037594
Gustavo A. Madero,2026-03-02,758.0778442317916
Gustavo A. Madero,2026-03-09,714.2419524189261
Gustavo A. Madero,2026-03-16,714.2419524189261
Gustavo A. Madero,2026-03-23,668.940541821726
Iztacalco,2024-09-30,6167.817274479227
Iztacalco,2024-10-07,2881.1892748053456
Iztacalco,2024-10-14,2698.7303570513354
Iztacalco,2024-10-21,1968.5767730786067
Iztacalco,2024-10-28,3842.232329451185
Iztacalco,2024-11-04,1351.722013040083
Iztacalco,2024-11-11,2122.802860567771
Iztacalco,2024-11-18,2812.3923935754797
Iztacalco,2024-11-25,3103.3752856164656
Iztacalco,2024-12-02,1838.5515608147725
Iztacalco,2024-12-09,1816.431663198958
Iztacalco,2024-12-16,1987.3176929765577
Iztacalco,2024-12-23,1816.6803981020118
Iztacalco,2024-12-30,2187.0516841539434
Iztacalco,2025-01-06,1734.610812792464
Iztacalco,2025-01-13,1923.5656898594368
Iztacalco,2025-01-20,1880.983345994531
Iztacalco,2025-01-27,2502.2661647985856
Iztacalco,2025-02-03,2063.9009963162275
Iztacalco,2025-02-10,1937.940640431057
Iztacalco,2025-02-17,1885.5126950593865
Iztacalco,2025-02-24,3922.782860132484
Iztacalco,2025-03-03,1865.342560234662
Iztacalco,2025-03-10,1820.2029875166597
Iztacalco,2025-03-17,2045.7801942564802
Iztacalco,2025-03-24,2136.748174758591
Iztacalco,2025-03-31,1903.1245874397925
Iztacalco,2025-04-07,1771.0560015445647
Iztacalco,2025-04-14,1887.8478190922754
Iztacalco,2025-04-21,1595.8473250055536
Iztacalco,2025-04-28,1679.049496045478
Iztacalco,2025-05-05,1581.0058095459622
Iztacalco,2025-05-12,1673.0583768823856
Iztacalco,2025-05-19,1548.9584001393991
Iztacalco,2025-05-26,1528.3215349290374
Iztacalco,2025-06-02,1529.3451027285248
Iztacalco,2025-06-09,1522.4104971525887
Iztacalco,2025-06-16,1524.0496057228286
Iztacalco,2025-06-23,1269.126305963205
Iztacalco,2025-06-30,1179.568045224468
Iztacalco,2025-07-07,1168.6635078014208
Iztacalco,2025-07-14,1154.8677787983947
Iztacalco,2025-07-21,1146.1604645355123
Iztacalco,2025-07-28,1154.7796360980153
Iztacalco,2025-08-04,1136.579788538133
Iztacalco,2025-08-11,1122.0966068986158
Iztacalco,2025-08-18,1123.2903628988965
Iztacalco,2025-08-25,1124.344087729313
Iztacalco,2025-09-01,1124.7326451334766
Iztacalco,2025-09-08,1158.8452233695339
Iztacalco,2025-09-15,1203.9738600788237
Iztacalco,2025-09-22,1101.284838049504
Iztacalco,2025-09-29,807.1451005154374
Iztacalco,2025-10-06,658.266419680109
Iztacalco,2025-10-13,657.1816629871064
Iztacalco,2025-10-20,656.9265956361498
Iztacalco,2025-10-27,644.0211379118626
Iztacalco,2025-11-03,657.030465190536
Iztacalco,2025-11-10,657.0015375541499
Iztacalco,2025-11-17,656.26144869564
Iztacalco,2025-11-24,657.1046280726539
Iztacalco,2025-12-01,660.4333311487807
Iztacalco,2025-12-08,665.2992279979509
Iztacalco,2025-12-15,665.2897009215701
Iztacalco,2025-12-22,658.3475459006531
Iztacalco,2025-12-29,657.0360148092188
Iztacalco,2026-01-05,646.6408718788971
Iztacalco,2026-01-12,640.4224560856914
Iztacalco,2026-01-19,640.4224560856914
Iztacalco,2026-01-26,641.10080476404
Iztacalco,2026-02-02,644.4161530793883
Iztacalco,2026-02-09,651.5748832381186
Iztacalco,2026-02-16,648.46484462808
Iztacalco,2026-02-23,642.9833428495193
Iztacalco,2026-03-02,648.7768793518793
Iztacalco,2026-03-09,649.0857596607597
Iztacalco,2026-03-16,649.0857596607597
Iztacalco,2026-03-23,621.2303425403426
Iztapalapa,2024-09-30,703.3631905060294
Iztapalapa,2024-10-07,667.323820861678
Iztapalapa,2024-10-14,667.3153294437989
Iztapalapa,2024-10-21,643.9810971568114
Iztapalapa,2024-10-28,627.1806417845193
Iztapalapa,2024-11-04,639.0349753647713
Iztapalapa,2024-11-11,642.2950626074606
Iztapalapa,2024-11-18,626.3120212956977
Iztapalapa,2024-11-25,624.0313729740981
Iztapalapa,2024-12-02,629.6417359801063
Iztapalapa,2024-12-09,623.5065842490842
Iztapalapa,2024-12-16,620.2291352694925
Iztapalapa,2024-12-23,624.919385116684
Iztapalapa,2024-12-30,659.6344104762474
Iztapalapa,2025-01-06,673.5912420845034
Iztapalapa,2025-01-13,661.4247256580263
Iztapalapa,2025-01-20,656.1796780688154
Iztapalapa,2025-01-27,653.6975722443558
Iztapalapa,2025-02-03,662.7857607687876
Iztapalapa,2025-02-10,665.5416697794017
Iztapalapa,2025-02-17,659.0846509402373
Iztapalapa,2025-02-24,646.7305845625424
Iztapalapa,2025-03-03,656.7639766826536
Iztapalapa,2025-03-10,656.9303076776497
Iztapalapa,2025-03-17,656.3293357693927
Iztapalapa,2025-03-24,667.1472334419067
Iztapalapa,2025-03-31,691.3032693341748
Iztapalapa,2025-04-07,700.8191588795468
Iztapalapa,2025-04-14,693.7260816922853
Iztapalapa,2025-04-21,690.8201629109775
Iztapalapa,2025-04-28,694.2233338852708
Iztapalapa,2025-05-05,694.1701524785342
Iztapalapa,2025-05-12,693.0496372129089
Iztapalapa,2025-05-19,678.4152509383515
Iztapalapa,2025-05-26,678.1687148936583
Iztapalapa,2025-06-02,678.1635437956805
Iztapalapa,2025-06-09,677.9623569346352
Iztapalapa,2025-06-16,678.2031543283993
Iztapalapa,2025-06-23,691.2345914044981
Iztapalapa,2025-06-30,701.780772448854
Iztapalapa,2025-07-07,701.8261730458058
Iztapalapa,2025-07-14,702.1706297474054
Iztapalapa,2025-07-21,702.7602142298471
Iztapalapa,2025-07-28,702.5714175053361
Iztapalapa,2025-08-04,694.5412586966057
Iztapalapa,2025-08-11,688.7299773996102
Iztapalapa,2025-08-18,689.0816505012833
Iztapalapa,2025-08-25,689.0816505012833
Iztapalapa,2025-09-01,688.3706494065053
Iztapalapa,2025-09-08,688.0811397079153
Iztapalapa,2025-09-15,687.9096238042566
Iztapalapa,2025-09-22,696.7203796959271
Iztapalapa,2025-09-29,717.7074762899064
Iztapalapa,2025-10-06,728.1755642840782
Iztapalapa,2025-10-13,728.190665099179
Iztapalapa,2025-10-20,728.0948420033559
Iztapalapa,2025-10-27,727.44487785651
Iztapalapa,2025-11-03,730.5608400979255
Iztapalapa,2025-11-10,728.1418936004076
Iztapalapa,2025-11-17,727.7439357686262
Iztapalapa,2025-11-24,725.1266312792628
Iztapalapa,2025-12-01,725.1266312792628
Iztapalapa,2025-12-08,725.1266312792628
Iztapalapa,2025-12-15,725.7710336593794
Iztapalapa,2025-12-22,719.4558369408369
Iztapalapa,2025-12-29,687.9379203442671
Iztapalapa,2026-01-05,622.9097218840916
Iztapalapa,2026-01-12,616.7843933843934
Iztapalapa,2026-01-19,616.7843933843934
Iztapalapa,2026-01-26,616.7843933843934
Iztapalapa,2026-02-02,616.7843933843934
Iztapalapa,2026-02-09,616.7843933843934
Iztapalapa,2026-02-16,616.7843933843934
Iztapalapa,2026-02-23,616.7843933843934
Iztapalapa,2026-03-02,616.7843933843934
Iztapalapa,2026-03-09,616.7843933843934
Iztapalapa,2026-03-16,616.7843933843934
Iztapalapa,2026-03-23,617.9621335955711
La Magdalena Contreras,2024-09-30,1509.3105772999143
La Magdalena Contreras,2024-10-07,1530.228085704935
La Magdalena Contreras,2024-10-14,1447.7148989898992
La Magdalena Contreras,2024-10-21,1465.1519688653175
La Magdalena Contreras,2024-10-28,1417.4827375352022
La Magdalena Contreras,2024-11-04,1337.416198122394
La Magdalena Contreras,2024-11-11,1318.8034286651489
La Magdalena Contreras,2024-11-18,1291.746469800041
La Magdalena Contreras,2024-11-25,1298.4194444444443
La Magdalena Contreras,2024-12-02,1319.3357503607501
La Magdalena Contreras,2024-12-09,1321.177220869408
La Magdalena Contreras,2024-12-16,1318.6226359577922
La Magdalena Contreras,2024-12-23,1284.7213913690478
La Magdalena Contreras,2024-12-30,1221.6399334939254
La Magdalena Contreras,2025-01-06,1197.3733825629392
La Magdalena Contreras,2025-01-13,1193.9916896195707
La Magdalena Contreras,2025-01-20,1218.5662772121836
La Magdalena Contreras,2025-01-27,1217.366732615124
La Magdalena Contreras,2025-02-03,1203.6824307038835
La Magdalena Contreras,2025-02-10,1187.618726460281
La Magdalena Contreras,2025-02-17,1187.5105901408183
La Magdalena Contreras,2025-02-24,1190.627366946779
La Magdalena Contreras,2025-03-03,1187.1146053659559
La Magdalena Contreras,2025-03-10,1184.5288505878543
La Magdalena Contreras,2025-03-17,1198.1894531145792
La Magdalena Contreras,2025-03-24,1187.1382851406581
La Magdalena Contreras,2025-03-31,1177.870241486908
La Magdalena Contreras,2025-04-07,1193.1447387835142
La Magdalena Contreras,2025-04-14,1179.6716649642244
La Magdalena Contreras,2025-04-21,1199.7360804539378
La Magdalena Contreras,2025-04-28,1217.6707298899134
La Magdalena Contreras,2025-05-05,1214.1455716766118
La Magdalena Contreras,2025-05-12,1226.6536617734746
La Magdalena Contreras,2025-05-19,1219.1587911757556
La Magdalena Contreras,2025-05-26,1212.2203696630168
La Magdalena Contreras,2025-06-02,1209.9705490587844
La Magdalena Contreras,2025-06-09,1216.597316109816
La Magdalena Contreras,2025-06-16,1216.9028716653718
La Magdalena Contreras,2025-06-23,1180.2645584096306
La Magdalena Contreras,2025-06-30,1164.3867057039267
La Magdalena Contreras,2025-07-07,1163.8508864151722
La Magdalena Contreras,2025-07-14,1160.0332061362674
La Magdalena Contreras,2025-07-21,1160.817969332255
La Magdalena Contreras,2025-07-28,1163.108029272315
La Magdalena Contreras,2025-08-04,1163.4573004093413
La Magdalena Contreras,2025-08-11,1136.7162239347954
La Magdalena Contreras,2025-08-18,1144.7107294293007
La Magdalena Contreras,2025-08-25,1144.2687880373594
La Magdalena Contreras,2025-09-01,1169.2737378501183
La Magdalena Contreras,2025-09-08,1191.7303459262494
La Magdalena Contreras,2025-09-15,1177.7746995651407
La Magdalena Contreras,2025-09-22,1199.4335123210124
La Magdalena Contreras,2025-09-29,1225.092489376905
La Magdalena Contreras,2025-10-06,1145.3627344877345
La Magdalena Contreras,2025-10-13,1131.2386964886966
La Magdalena Contreras,2025-10-20,1130.2430254930255
La Magdalena Contreras,2025-10-27,1130.8761423761423
La Magdalena Contreras,2025-11-03,1122.2801827801827
La Magdalena Contreras,2025-11-10,1116.5507455507454
La Magdalena Contreras,2025-11-17,1132.775493025493
La Magdalena Contreras,2025-11-24,1127.3541366041366
La Magdalena Contreras,2025-12-01,1131.415206486635
La Magdalena Contreras,2025-12-08,1132.7408609908612
La Magdalena Contreras,2025-12-15,1133.1891190819765
La Magdalena Contreras,2025-12-22,1146.87208994709
La Magdalena Contreras,2025-12-29,1160.9762282690854
La Magdalena Contreras,2026-01-05,1194.3720201755916
La Magdalena Contreras,2026-01-12,1150.0618131868132
La Magdalena Contreras,2026-01-19,1150.0618131868132
La Magdalena Contreras,2026-01-26,1150.0618131868132
La Magdalena Contreras,2026-02-02,1150.0618131868132
La Magdalena Contreras,2026-02-09,1150.0618131868132
La Magdalena Contreras,2026-02-16,1150.0618131868132
La Magdalena Contreras,2026-02-23,1150.0618131868132
La Magdalena Contreras,2026-03-02,1167.6491608039228
La Magdalena Contreras,2026-03-09,1233.639770723104
La Magdalena Contreras,2026-03-16,1242.8990299823633
La Magdalena Contreras,2026-03-23,1196.3409391534392
Miguel Hidalgo,2024-09-30,1456.547579022532
Miguel Hidalgo,2024-10-07,1402.6652841377193
Miguel Hidalgo,2024-10-14,1375.7788571218987
Miguel Hidalgo,2024-10-21,1354.9608652059858
Miguel Hidalgo,2024-10-28,1392.1486074495422
Miguel Hidalgo,2024-11-04,1378.3212837898966
Miguel Hidalgo,2024-11-11,1356.5034119805407
Miguel Hidalgo,2024-11-18,1354.4629250315136
Miguel Hidalgo,2024-11-25,1344.4454791329667
Miguel Hidalgo,2024-12-02,1340.8234950342487
Miguel Hidalgo,2024-12-09,1346.0264541985816
Miguel Hidalgo,2024-12-16,1347.5646955730895
Miguel Hidalgo,2024-12-23,1340.6960130900939
Miguel Hidalgo,2024-12-30,1384.3894105586044
Miguel Hidalgo,2025-01-06,1394.170303856837
Miguel Hidalgo,2025-01-13,1403.2597491230943
Miguel Hidalgo,2025-01-20,1389.199497106553
Miguel Hidalgo,2025-01-27,1386.6179142313597
Miguel Hidalgo,2025-02-03,1390.63097276094
Miguel Hidalgo,2025-02-10,1388.2009492330737
Miguel Hidalgo,2025-02-17,1369.734120517078
Miguel Hidalgo,2025-02-24,1360.4674319490937
Miguel Hidalgo,2025-03-03,1388.5840156622285
Miguel Hidalgo,2025-03-10,1387.850034119829
Miguel Hidalgo,2025-03-17,1383.6560689773853
Miguel Hidalgo,2025-03-24,1402.1890452171353
Miguel Hidalgo,2025-03-31,1419.6739118984203
Miguel Hidalgo,2025-04-07,1425.9419022174789
Miguel Hidalgo,2025-04-14,1407.7726530746909
Miguel Hidalgo,2025-04-21,1409.9046036196971
Miguel Hidalgo,2025-04-28,1415.6768857371858
Miguel Hidalgo,2025-05-05,1407.2829165227974
Miguel Hidalgo,2025-05-12,1418.854935862797
Miguel Hidalgo,2025-05-19,1410.9401120042423
Miguel Hidalgo,2025-05-26,1415.1663696408486
Miguel Hidalgo,2025-06-02,1418.316027668316
Miguel Hidalgo,2025-06-09,1411.2238890968877
Miguel Hidalgo,2025-06-16,1400.469625483053
Miguel Hidalgo,2025-06-23,1420.1390907746816
Miguel Hidalgo,2025-06-30,1418.315190153733
Miguel Hidalgo,2025-07-07,1414.608394992476
Miguel Hidalgo,2025-07-14,1419.7565810818548
Miguel Hidalgo,2025-07-21,1415.0295904349464
Miguel Hidalgo,2025-07-28,1418.11284157869
Miguel Hidalgo,2025-08-04,1413.9602267353898
Miguel Hidalgo,2025-08-11,1412.0959782010043
Miguel Hidalgo,2025-08-18,1410.2149289027234
Miguel Hidalgo,2025-08-25,1408.5943945293416
Miguel Hidalgo,2025-09-01,1406.43309292416
Miguel Hidalgo,2025-09-08,1404.5555365716457
Miguel Hidalgo,2025-09-15,1396.2358805619353
Miguel Hidalgo,2025-09-22,1409.0073438134891
Miguel Hidalgo,2025-09-29,1400.6281076107891
Miguel Hidalgo,2025-10-06,1398.1948647971137
Miguel Hidalgo,2025-10-13,1401.443425286909
Miguel Hidalgo,2025-10-20,1394.9466167669384
Miguel Hidalgo,2025-10-27,1371.7571011219802
Miguel Hidalgo,2025-11-03,1388.082349417057
Miguel Hidalgo,2025-11-10,1397.5006554888914
Miguel Hidalgo,2025-11-17,1399.720225297689
Miguel Hidalgo,2025-11-24,1400.6243087921684
Miguel Hidalgo,2025-12-01,1401.1658989279251
Miguel Hidalgo,2025-12-08,1400.9087035734449
Miguel Hidalgo,2025-12-15,1397.3509239387386
Miguel Hidalgo,2025-12-22,1383.3457512910968
Miguel Hidalgo,2025-12-29,1387.925387444579
Miguel Hidalgo,2026-01-05,1391.5767974592236
Miguel Hidalgo,2026-01-12,1390.923982475137
Miguel Hidalgo,2026-01-19,1390.9690514833126
Miguel Hidalgo,2026-01-26,1390.1071464798083
Miguel Hidalgo,2026-02-02,1379.873594235344
Miguel Hidalgo,2026-02-09,1362.6149361393689
Miguel Hidalgo,2026-02-16,1362.9393143912966
Miguel Hidalgo,2026-02-23,1361.9325122324183
Miguel Hidalgo,2026-03-02,1365.4770654258634
Miguel Hidalgo,2026-03-09,1370.7360404006888
Miguel Hidalgo,2026-03-16,1369.836297198057
Miguel Hidalgo,2026-03-23,1318.825765397686
Milpa Alta,2024-09-30,1250.1475274725274
Milpa Alta,2024-10-07,1567.5666666666668
Milpa Alta,2024-10-14,1475.0180272108844
Milpa Alta,2024-10-21,1472.227213064713
Milpa Alta,2024-10-28,1433.9897534013605
Milpa Alta,2024-11-04,1519.37061965812
Milpa Alta,2024-11-11,1419.5898809523808
Milpa Alta,2024-11-18,1419.5898809523808
Milpa Alta,2024-11-25,1446.8806547619047
Milpa Alta,2024-12-02,1458.4315476190475
Milpa Alta,2024-12-09,1423.2079081632653
Milpa Alta,2024-12-16,1461.4946428571427
Milpa Alta,2024-12-23,1461.4946428571427
Milpa Alta,2024-12-30,1199.3204170557112
Milpa Alta,2025-01-06,1266.03835978836
Milpa Alta,2025-01-13,1313.6574074074076
Milpa Alta,2025-01-20,1313.6574074074076
Milpa Alta,2025-01-27,1313.6574074074076
Milpa Alta,2025-02-03,1313.6574074074076
Milpa Alta,2025-02-10,1313.6574074074076
Milpa Alta,2025-02-17,1313.6574074074076
Milpa Alta,2025-02-24,1313.6574074074076
Milpa Alta,2025-03-03,1313.6574074074076
Milpa Alta,2025-03-10,1313.6574074074076
Milpa Alta,2025-03-17,1313.6574074074076
Milpa Alta,2025-03-24,1300.258076313232
Milpa Alta,2025-03-31,1246.7215743440233
Milpa Alta,2025-04-07,1199.0895691609978
Milpa Alta,2025-04-14,1215.284126984127
Milpa Alta,2025-04-21,1214.0555555555559
Milpa Alta,2025-04-28,1214.0555555555559
Milpa Alta,2025-05-05,1214.0555555555559
Milpa Alta,2025-05-12,1214.0555555555559
Milpa Alta,2025-05-19,1214.0555555555559
Milpa Alta,2025-05-26,1214.0555555555559
Milpa Alta,2025-06-02,1214.0555555555559
Milpa Alta,2025-06-09,1214.0555555555559
Milpa Alta,2025-06-16,1214.0555555555559
Milpa Alta,2025-06-23,1131.4875283446713
Milpa Alta,2025-06-30,1119.4126984126985
Milpa Alta,2025-07-07,1119.4126984126985
Milpa Alta,2025-07-14,1119.4126984126985
Milpa Alta,2025-07-21,1119.4126984126985
Milpa Alta,2025-07-28,1119.4126984126985
Milpa Alta,2025-08-04,1119.4126984126985
Milpa Alta,2025-08-11,1119.4126984126985
Milpa Alta,2025-08-18,1119.4126984126985
Milpa Alta,2025-08-25,1119.4126984126985
Milpa Alta,2025-09-01,1119.4126984126985
Milpa Alta,2025-09-08,1119.4126984126985
Milpa Alta,2025-09-15,1119.4126984126985
Milpa Alta,2025-09-22,1119.4126984126985
Milpa Alta,2025-09-29,1138.994671201814
Milpa Alta,2025-10-06,1142.2583333333334
Milpa Alta,2025-10-13,1142.2583333333334
Milpa Alta,2025-10-20,1142.2583333333334
Milpa Alta,2025-10-27,1142.2583333333334
Milpa Alta,2025-11-03,1150.4125939849625
Milpa Alta,2025-11-10,1142.2583333333334
Milpa Alta,2025-11-17,1142.2583333333334
Milpa Alta,2025-11-24,1142.2583333333334
Milpa Alta,2025-12-01,1142.2583333333334
Milpa Alta,2025-12-08,1142.2583333333334
Milpa Alta,2025-12-15,1150.8656084656086
Milpa Alta,2025-12-22,817.3541666666666
Milpa Alta,2025-12-29,818.65625
Milpa Alta,2026-01-05,824.3854166666666
Milpa Alta,2026-01-12,824.3854166666666
Milpa Alta,2026-01-19,824.3854166666666
Milpa Alta,2026-01-26,824.3854166666666
Milpa Alta,2026-02-02,824.3854166666666
Milpa Alta,2026-02-09,824.3854166666666
Milpa Alta,2026-02-16,824.3854166666666
Milpa Alta,2026-02-23,824.3854166666666
Milpa Alta,2026-03-02,824.3854166666666
Milpa Alta,2026-03-09,824.3854166666666
Milpa Alta,2026-03-16,824.3854166666666
Milpa Alta,2026-03-23,1016.4345833333333
Tlalpan,2024-09-30,1860.5745393729883
Tlalpan,2024-10-07,1496.8302037318015
Tlalpan,2024-10-14,1365.8785867933816
Tlalpan,2024-10-21,1328.6975820572131
Tlalpan,2024-10-28,1327.3672451870884
Tlalpan,2024-11-04,1244.5769109103755
Tlalpan,2024-11-11,1196.7720503720589
Tlalpan,2024-11-18,1184.1006902169122
Tlalpan,2024-11-25,1173.278326905446
Tlalpan,2024-12-02,1185.3861838486384
Tlalpan,2024-12-09,1159.9122447746745
Tlalpan,2024-12-16,1144.2809108404679
Tlalpan,2024-12-23,1120.715250516833
Tlalpan,2024-12-30,1209.250267931711
Tlalpan,2025-01-06,1207.6519883273327
Tlalpan,2025-01-13,1193.6812413461573
Tlalpan,2025-01-20,1186.3462888102824
Tlalpan,2025-01-27,1182.5786570164767
Tlalpan,2025-02-03,1154.0240870497805
Tlalpan,2025-02-10,1130.5225564880595
Tlalpan,2025-02-17,1117.500396546597
Tlalpan,2025-02-24,1122.8378384261873
Tlalpan,2025-03-03,1114.5877986094354
Tlalpan,2025-03-10,1104.2724824968805
Tlalpan,2025-03-17,1108.6268237974125
Tlalpan,2025-03-24,1164.4893354277308
Tlalpan,2025-03-31,1190.9319559791059
Tlalpan,2025-04-07,1188.4272849102713
Tlalpan,2025-04-14,1178.7724502356084
Tlalpan,2025-04-21,1175.4592803361397
Tlalpan,2025-04-28,1174.6739642208283
Tlalpan,2025-05-05,1164.6583124133597
Tlalpan,2025-05-12,1164.7037167406236
Tlalpan,2025-05-19,1164.3295517126226
Tlalpan,2025-05-26,1161.8562523067699
Tlalpan,2025-06-02,1158.1878535274716
Tlalpan,2025-06-09,1151.378788652825
Tlalpan,2025-06-16,1151.279427460105
Tlalpan,2025-06-23,1175.95207467138
Tlalpan,2025-06-30,1214.1347933228249
Tlalpan,2025-07-07,1193.3443213632938
Tlalpan,2025-07-14,1194.052801209675
Tlalpan,2025-07-21,1192.0681194015476
Tlalpan,2025-07-28,1191.1614581513952
Tlalpan,2025-08-04,1189.9054886037113
Tlalpan,2025-08-11,1191.5626009406685
Tlalpan,2025-08-18,1192.3103306021096
Tlalpan,2025-08-25,1193.045592973749
Tlalpan,2025-09-01,1191.8590806311888
Tlalpan,2025-09-08,1182.5227464643142
Tlalpan,2025-09-15,1181.052247944595
Tlalpan,2025-09-22,1189.3014835645445
Tlalpan,2025-09-29,1253.4520543612252
Tlalpan,2025-10-06,1263.7034727486366
Tlalpan,2025-10-13,1262.1475939356446
Tlalpan,2025-10-20,1262.1475939356446
Tlalpan,2025-10-27,1259.6053746846442
Tlalpan,2025-11-03,1256.4166389780562
Tlalpan,2025-11-10,1261.8320959735422
Tlalpan,2025-11-17,1261.8320959735422
Tlalpan,2025-11-24,1261.1844122224218
Tlalpan,2025-12-01,1260.7165572554663
Tlalpan,2025-12-08,1263.3873536964886
Tlalpan,2025-12-15,1267.638587167047
Tlalpan,2025-12-22,1274.6064397405662
Tlalpan,2025-12-29,1297.020832087281
Tlalpan,2026-01-05,1304.6746903686403
Tlalpan,2026-01-12,1291.9854131806335
Tlalpan,2026-01-19,1294.1590144306574
Tlalpan,2026-01-26,1282.862002428962
Tlalpan,2026-02-02,1264.0604006506378
Tlalpan,2026-02-09,1264.396465547611
Tlalpan,2026-02-16,1261.1286142190456
Tlalpan,2026-02-23,1268.0608801453593
Tlalpan,2026-03-02,1273.2344093718643
Tlalpan,2026-03-09,1276.268331644477
Tlalpan,2026-03-16,1276.7217046603498
Tlalpan,2026-03-23,1034.4175731547905
Tláhuac,2024-09-30,868.6657996710081
Tláhuac,2024-10-07,784.235171261487
Tláhuac,2024-10-14,796.5812447786132
Tláhuac,2024-10-21,801.5939849624061
Tláhuac,2024-10-28,790.7383458646617
Tláhuac,2024-11-04,765.4870181405895
Tláhuac,2024-11-11,775.35
Tláhuac,2024-11-18,775.6928571428572
Tláhuac,2024-11-25,776.8714285714285
Tláhuac,2024-12-02,777.4428571428571
Tláhuac,2024-12-09,504.9917293233083
Tláhuac,2024-12-16,776.6721428571428
Tláhuac,2024-12-23,781.2946616541354
Tláhuac,2024-12-30,687.3162248525141
Tláhuac,2025-01-06,679.2931197040219
Tláhuac,2025-01-13,793.4706766917294
Tláhuac,2025-01-20,795.1747583243824
Tláhuac,2025-01-27,795.3972431077694
Tláhuac,2025-02-03,775.5166666666667
Tláhuac,2025-02-10,778.0390476190476
Tláhuac,2025-02-17,778.0390476190476
Tláhuac,2025-02-24,778.0390476190476
Tláhuac,2025-03-03,778.0390476190476
Tláhuac,2025-03-10,778.0390476190476
Tláhuac,2025-03-17,778.0390476190476
Tláhuac,2025-03-24,767.9433357383358
Tláhuac,2025-03-31,746.9401875901876
Tláhuac,2025-04-07,746.4757936507938
Tláhuac,2025-04-14,747.4194083694084
Tláhuac,2025-04-21,747.8791125541127
Tláhuac,2025-04-28,748.573261839171
Tláhuac,2025-05-05,748.8910697887969
Tláhuac,2025-05-12,748.8910697887969
Tláhuac,2025-05-19,748.8910697887969
Tláhuac,2025-05-26,748.8910697887969
Tláhuac,2025-06-02,748.8910697887969
Tláhuac,2025-06-09,748.8910697887969
Tláhuac,2025-06-16,748.8910697887969
Tláhuac,2025-06-23,658.5471731628503
Tláhuac,2025-06-30,407.67694547515976
Tláhuac,2025-07-07,408.00517676767674
Tláhuac,2025-07-14,407.9106962481962
Tláhuac,2025-07-21,407.78472222222223
Tláhuac,2025-07-28,407.78472222222223
Tláhuac,2025-08-04,407.6258503401361
Tláhuac,2025-08-11,407.4140211640212
Tláhuac,2025-08-18,407.4140211640212
Tláhuac,2025-08-25,407.4140211640212
Tláhuac,2025-09-01,407.4140211640212
Tláhuac,2025-09-08,407.4140211640212
Tláhuac,2025-09-15,407.4140211640212
Tláhuac,2025-09-22,423.54532163742687
Tláhuac,2025-09-29,431.62555197517605
Tláhuac,2025-10-06,437.56349206349205
Tláhuac,2025-10-13,437.56349206349205
Tláhuac,2025-10-20,437.56349206349205
Tláhuac,2025-10-27,437.56349206349205
Tláhuac,2025-11-03,432.66931216931215
Tláhuac,2025-11-10,437.56349206349205
Tláhuac,2025-11-17,437.56349206349205
Tláhuac,2025-11-24,437.56349206349205
Tláhuac,2025-12-01,437.56349206349205
Tláhuac,2025-12-08,437.56349206349205
Tláhuac,2025-12-15,440.5735544217687
Tláhuac,2025-12-22,471.26190476190476
Tláhuac,2025-12-29,472.4978741496599
Tláhuac,2026-01-05,475.76388888888897
Tláhuac,2026-01-12,475.76388888888897
Tláhuac,2026-01-19,475.76388888888897
Tláhuac,2026-01-26,475.76388888888897
Tláhuac,2026-02-02,475.76388888888897
Tláhuac,2026-02-09,475.76388888888897
Tláhuac,2026-02-16,475.76388888888897
Tláhuac,2026-02-23,475.76388888888897
Tláhuac,2026-03-02,475.76388888888897
Tláhuac,2026-03-09,475.76388888888897
Tláhuac,2026-03-16,475.76388888888897
Tláhuac,2026-03-23,479.67518939393943
Venustiano Carranza,2024-09-30,718.2038173623378
Venustiano Carranza,2024-10-07,720.2397776305226
Venustiano Carranza,2024-10-14,726.6996312779575
Venustiano Carranza,2024-10-21,728.42329846385
Venustiano Carranza,2024-10-28,691.5221012098666
Venustiano Carranza,2024-11-04,724.4311383205974
Venustiano Carranza,2024-11-11,716.1785413600571
Venustiano Carranza,2024-11-18,677.9796131695313
Venustiano Carranza,2024-11-25,693.8842075283683
Venustiano Carranza,2024-12-02,715.6085375848072
Venustiano Carranza,2024-12-09,711.3584418517688
Venustiano Carranza,2024-12-16,710.0212641585134
Venustiano Carranza,2024-12-23,715.8871502255158
Venustiano Carranza,2024-12-30,759.9234561751704
Venustiano Carranza,2025-01-06,769.8077012175772
Venustiano Carranza,2025-01-13,759.1328091409372
Venustiano Carranza,2025-01-20,763.4136259027409
Venustiano Carranza,2025-01-27,756.3432269126449
Venustiano Carranza,2025-02-03,764.2289919685567
Venustiano Carranza,2025-02-10,761.6648649827101
Venustiano Carranza,2025-02-17,760.0927250873776
Venustiano Carranza,2025-02-24,712.8035695923434
Venustiano Carranza,2025-03-03,754.3666736542046
Venustiano Carranza,2025-03-10,754.7283246249223
Venustiano Carranza,2025-03-17,751.0645454456892
Venustiano Carranza,2025-03-24,758.9202149627876
Venustiano Carranza,2025-03-31,769.9279077916635
Venustiano Carranza,2025-04-07,773.408134331405
Venustiano Carranza,2025-04-14,762.0079023318227
Venustiano Carranza,2025-04-21,780.7602829981951
Venustiano Carranza,2025-04-28,775.0018157088556
Venustiano Carranza,2025-05-05,779.0321551044213
Venustiano Carranza,2025-05-12,780.2726445832739
Venustiano Carranza,2025-05-19,775.0149759381142
Venustiano Carranza,2025-05-26,774.9676731214257
Venustiano Carranza,2025-06-02,771.8477627595395
Venustiano Carranza,2025-06-09,769.728796852771
Venustiano Carranza,2025-06-16,764.0821318580981
Venustiano Carranza,2025-06-23,778.2919180607723
Venustiano Carranza,2025-06-30,787.5616537339571
Venustiano Carranza,2025-07-07,787.8832302018918
Venustiano Carranza,2025-07-14,788.834735891446
Venustiano Carranza,2025-07-21,787.6362239000221
Venustiano Carranza,2025-07-28,787.5487590090171
Venustiano Carranza,2025-08-04,784.9141197440482
Venustiano Carranza,2025-08-11,785.9407719391938
Venustiano Carranza,2025-08-18,783.5696648028157
Venustiano Carranza,2025-08-25,783.950984125236
Venustiano Carranza,2025-09-01,784.0656707728134
Venustiano Carranza,2025-09-08,783.1025072354215
Venustiano Carranza,2025-09-15,784.4424920448819
Venustiano Carranza,2025-09-22,792.3807766935141
Venustiano Carranza,2025-09-29,811.7578199704011
Venustiano Carranza,2025-10-06,814.6484056951136
Venustiano Carranza,2025-10-13,815.1766081499503
Venustiano Carranza,2025-10-20,813.9272195545892
Venustiano Carranza,2025-10-27,787.9723367226271
Venustiano Carranza,2025-11-03,809.2434655335582
Venustiano Carranza,2025-11-10,810.7078651163986
Venustiano Carranza,2025-11-17,804.759777613336
Venustiano Carranza,2025-11-24,806.5522073670696
Venustiano Carranza,2025-12-01,806.2354307110409
Venustiano Carranza,2025-12-08,804.3626005169639
Venustiano Carranza,2025-12-15,804.0076261710843
Venustiano Carranza,2025-12-22,827.5698092894706
Venustiano Carranza,2025-12-29,839.3000718836558
Venustiano Carranza,2026-01-05,832.5742496491667
Venustiano Carranza,2026-01-12,822.2974450122056
Venustiano Carranza,2026-01-19,822.2287725572031
Venustiano Carranza,2026-01-26,822.8111406395711
Venustiano Carranza,2026-02-02,821.6258507894379
Venustiano Carranza,2026-02-09,816.4016874379221
Venustiano Carranza,2026-02-16,816.4007163369508
Venustiano Carranza,2026-02-23,807.5329123542008
Venustiano Carranza,2026-03-02,812.3470881741061
Venustiano Carranza,2026-03-09,817.3549882964647
Venustiano Carranza,2026-03-16,815.3610803382711
Venustiano Carranza,2026-03-23,794.844598195015
Xochimilco,2024-09-30,3525.881304616829
Xochimilco,2024-10-07,2619.3854414682537
Xochimilco,2024-10-14,2567.3259018759018
Xochimilco,2024-10-21,2604.150072150072
Xochimilco,2024-10-28,2846.3183776540923
Xochimilco,2024-11-04,2686.9536669213144
Xochimilco,2024-11-11,2468.8610444177675
Xochimilco,2024-11-18,2441.1445966265296
Xochimilco,2024-11-25,2444.0823529411764
Xochimilco,2024-12-02,2439.7962184873945
Xochimilco,2024-12-09,2410.546918767507
Xochimilco,2024-12-16,2411.21918767507
Xochimilco,2024-12-23,2412.6474789915965
Xochimilco,2024-12-30,2596.779554852244
Xochimilco,2025-01-06,2351.3286603039487
Xochimilco,2025-01-13,2399.0222808144235
Xochimilco,2025-01-20,2454.004785679174
Xochimilco,2025-01-27,2451.7310705960704
Xochimilco,2025-02-03,2399.65003092146
Xochimilco,2025-02-10,2324.808813646671
Xochimilco,2025-02-17,2254.8790786197933
Xochimilco,2025-02-24,2137.922868843175
Xochimilco,2025-03-03,2128.078591125428
Xochimilco,2025-03-10,2164.9677670741958
Xochimilco,2025-03-17,2145.2815085707944
Xochimilco,2025-03-24,2272.955259969141
Xochimilco,2025-03-31,2383.268647082635
Xochimilco,2025-04-07,2360.1227952327654
Xochimilco,2025-04-14,2348.806312079675
Xochimilco,2025-04-21,2233.1710488860786
Xochimilco,2025-04-28,2232.747450735992
Xochimilco,2025-05-05,2243.9802911869874
Xochimilco,2025-05-12,2252.0491781862315
Xochimilco,2025-05-19,2247.922080680563
Xochimilco,2025-05-26,2246.7243131262476
Xochimilco,2025-06-02,2249.985629433397
Xochimilco,2025-06-09,2249.6505324316336
Xochimilco,2025-06-16,2247.922080680563
Xochimilco,2025-06-23,2261.633919514285
Xochimilco,2025-06-30,2361.768299818096
Xochimilco,2025-07-07,2373.700171376243
Xochimilco,2025-07-14,2368.3086934663975
Xochimilco,2025-07-21,2372.8367490842493
Xochimilco,2025-07-28,2372.319742281528
Xochimilco,2025-08-04,2367.909653322867
Xochimilco,2025-08-11,2364.2143315018316
Xochimilco,2025-08-18,2364.2143315018316
Xochimilco,2025-08-25,2364.2143315018316
Xochimilco,2025-09-01,2365.590835949765
Xochimilco,2025-09-08,2373.8498626373625
Xochimilco,2025-09-15,2373.8498626373625
Xochimilco,2025-09-22,2482.692752714972
Xochimilco,2025-09-29,2478.7674552544963
Xochimilco,2025-10-06,2473.0043877551025
Xochimilco,2025-10-13,2472.951666666667
Xochimilco,2025-10-20,2472.951666666667
Xochimilco,2025-10-27,2472.951666666667
Xochimilco,2025-11-03,2472.951666666667
Xochimilco,2025-11-10,2472.951666666667
Xochimilco,2025-11-17,2472.951666666667
Xochimilco,2025-11-24,2472.951666666667
Xochimilco,2025-12-01,2469.9364826486153
Xochimilco,2025-12-08,2498.0136764705885
Xochimilco,2025-12-15,2512.1351923477728
Xochimilco,2025-12-22,2690.2520720932052
Xochimilco,2025-12-29,2728.502821497145
Xochimilco,2026-01-05,3043.4620086923655
Xochimilco,2026-01-12,3111.0410714285717
Xochimilco,2026-01-19,3111.0410714285717
Xochimilco,2026-01-26,3105.645663265306
Xochimilco,2026-02-02,3101.967942176871
Xochimilco,2026-02-09,3098.169047619048
Xochimilco,2026-02-16,3098.169047619048
Xochimilco,2026-02-23,3098.169047619048
Xochimilco,2026-03-02,3098.169047619048
Xochimilco,2026-03-09,3098.169047619048
Xochimilco,2026-03-16,3098.169047619048
Xochimilco,2026-03-23,3035.6567316017317
Álvaro Obregón,2024-09-30,1081.1024024705848
Álvaro Obregón,2024-10-07,1086.9454904874708
Álvaro Obregón,2024-10-14,1074.0415046127944
Álvaro Obregón,2024-10-21,1057.8857554619408
Álvaro Obregón,2024-10-28,1051.8403650161033
Álvaro Obregón,2024-11-04,1040.837426084198
Álvaro Obregón,2024-11-11,1016.5845192595862
Álvaro Obregón,2024-11-18,1021.5076041063684
Álvaro Obregón,2024-11-25,1016.8723232063081
Álvaro Obregón,2024-12-02,1018.0467277815811
Álvaro Obregón,2024-12-09,1004.1312216955539
Álvaro Obregón,2024-12-16,995.2509383667842
Álvaro Obregón,2024-12-23,992.5060916799141
Álvaro Obregón,2024-12-30,1198.1925738849245
Álvaro Obregón,2025-01-06,1364.4359632141327
Álvaro Obregón,2025-01-13,1318.771040500489
Álvaro Obregón,2025-01-20,1310.333518953854
Álvaro Obregón,2025-01-27,1319.241787169801
Álvaro Obregón,2025-02-03,1311.355605972905
Álvaro Obregón,2025-02-10,1299.3572765814076
Álvaro Obregón,2025-02-17,1293.3410798543325
Álvaro Obregón,2025-02-24,1292.9872212299829
Álvaro Obregón,2025-03-03,1303.4816573889864
Álvaro Obregón,2025-03-10,1311.561201910603
Álvaro Obregón,2025-03-17,1317.6442209251866
Álvaro Obregón,2025-03-24,1297.9870185827274
Álvaro Obregón,2025-03-31,1141.0898716193567
Álvaro Obregón,2025-04-07,1076.2215471613588
Álvaro Obregón,2025-04-14,1068.383860540113
Álvaro Obregón,2025-04-21,1063.90122893852
Álvaro Obregón,2025-04-28,1067.4471600773206
Álvaro Obregón,2025-05-05,1054.3445996639412
Álvaro Obregón,2025-05-12,1051.9005329602016
Álvaro Obregón,2025-05-19,1052.0411199194116
Álvaro Obregón,2025-05-26,1050.7197332306118
Álvaro Obregón,2025-06-02,1053.4586682948454
Álvaro Obregón,2025-06-09,1061.9702128339845
Álvaro Obregón,2025-06-16,1058.7658810456544
Álvaro Obregón,2025-06-23,1061.114763544243
Álvaro Obregón,2025-06-30,1061.283472395618
Álvaro Obregón,2025-07-07,1086.0949403237878
Álvaro Obregón,2025-07-14,1088.0765899242729
Álvaro Obregón,2025-07-21,1089.9092768245678
Álvaro Obregón,2025-07-28,1089.3878189034206
Álvaro Obregón,2025-08-04,1087.068782301644
Álvaro Obregón,2025-08-11,1082.9148487033347
Álvaro Obregón,2025-08-18,1081.5129481158194
Álvaro Obregón,2025-08-25,1080.3143748710281
Álvaro Obregón,2025-09-01,1075.8776537023116
Álvaro Obregón,2025-09-08,1065.3253931636743
Álvaro Obregón,2025-09-15,1065.8359869543406
Álvaro Obregón,2025-09-22,1066.4801618523534
Álvaro Obregón,2025-09-29,1088.1221968843722
Álvaro Obregón,2025-10-06,1078.444026938253
Álvaro Obregón,2025-10-13,1074.9436790628724
Álvaro Obregón,2025-10-20,1074.0138749398207
Álvaro Obregón,2025-10-27,1079.8384078878032
Álvaro Obregón,2025-11-03,1086.232843480611
Álvaro Obregón,2025-11-10,1107.3008914183788
Álvaro Obregón,2025-11-17,1106.8899549847422
Álvaro Obregón,2025-11-24,1105.3035511020848
Álvaro Obregón,2025-12-01,1108.4346531074245
Álvaro Obregón,2025-12-08,1110.255467547249
Álvaro Obregón,2025-12-15,1111.2142863687386
Álvaro Obregón,2025-12-22,1175.4578822700862
Álvaro Obregón,2025-12-29,1166.5540733413784
Álvaro Obregón,2026-01-05,1169.4797368543836
Álvaro Obregón,2026-01-12,1170.1442831155239
Álvaro Obregón,2026-01-19,1167.3945223617304
Álvaro Obregón,2026-01-26,1165.5923029975304
Álvaro Obregón,2026-02-02,1166.3238266596268
Álvaro Obregón,2026-02-09,1168.3340267923115
Álvaro Obregón,2026-02-16,1169.2343991882333
Álvaro Obregón,2026-02-23,1171.485330178038
Álvaro Obregón,2026-03-02,1170.2769584397793
Álvaro Obregón,2026-03-09,1167.7188852751271
Álvaro Obregón,2026-03-16,1162.7627897379593
Álvaro Obregón,2026-03-23,1087.0911773802213
